tanggal_kejadian,provinsi,kabupaten_kota,tempat_sekolah,bergejala,meninggal
29 September 2025,Nanggroe Aceh Darussalam,Kabupaten Aceh Utara,SDN 6 Matangkuli,3 Siswa,
24 Januari 2026,Nanggroe Aceh Darussalam,Kabupaten Aceh Timur,TBA (Tidak disebutkan),19 Siswa,
11 Februari 2026,Nanggroe Aceh Darussalam,Kabupaten Aceh Singkil,TK Bunga Al-Qur’an,16 Santri,
11 Februari 2026,Nanggroe Aceh Darussalam,Kabupaten Aceh Singkil,Pesantren Modern Darul Mustafa,17 Santri,
15 Oktober 2025,Sumatera Utara,Kabupaten Toba,SD Tanding Laguboti,60 Siswa,
15 Oktober 2025,Sumatera Utara,Kabupaten Toba,SMPN 1 Laguboti,61 Siswa,
31 Oktober 2025,Sumatera Utara,Kabupaten Nias Utara,SD 071027 Onozitoli Sawo,26 Siswa,
9 Februari 2026,Sumatera Utara,Kabupaten Dairi,SMK Swasta HKBP Sidikalang,135 Siswa,
9 Februari 2026,Sumatera Utara,Kabupaten Dairi,SMK Swasta Arina Sidikalang,136 Siswa,
1 Oktober 2025,Sumatera Barat,Kabupaten Agam,TK (Spesifik tidak disebutkan),24 Siswa,
1 Oktober 2025,Sumatera Barat,Kabupaten Agam,SD (Spesifik tidak disebutkan),24 Siswa,
1 Oktober 2025,Sumatera Barat,Kabupaten Agam,MTS (Tidak diumumkan),24 Siswa,
1 Oktober 2025,Sumatera Barat,Kabupaten Agam,SMP (Tidak diumumkan),24 Siswa,
1 Oktober 2025,Sumatera Barat,Kabupaten Agam,TBA (Tidak diumumkan),26 Siswa,
7 Oktober 2025,Sumatera Barat,Kota Padang Panjang,SDN 9 Kelurahan Ekor Lubuk,4 Siswa,
7 Oktober 2025,Sumatera Barat,Kota Padang Panjang,SDN 10 Tabek Gadang,4 Siswa,
7 Oktober 2025,Sumatera Barat,Kota Padang Panjang,SDN 7 Kelurahan Ganting,4 Siswa,
7 Oktober 2025,Sumatera Barat,Kota Padang Panjang,SDN 5 Kelurahan Sigando,4 Siswa,
7 Oktober 2025,Sumatera Barat,Kota Padang Panjang,SMPN 3 Kelurahan Ekor Lubuk,4 Siswa,
7 Oktober 2025,Sumatera Barat,Kota Padang Panjang,SMKN 2 Kelurahan Ganting,9 Siswa,
4 Februari 2026,Sumatera Barat,Kabupaten Dharmasraya,SMAN 1 Sungai Rumbai,110 Orang,
4 Februari 2026,Sumatera Barat,Kabupaten Dharmasraya,Pondok Pesantrean,111 Orang,
18 Februari 2025,Sumatera Selatan,Kabupaten Empat Lawang,SD Negeri 7 Tebing Tinggi,8 Siswa,
5 Mei 2025,Sumatera Selatan,Kabupaten Penukal Abab Lematang Ilir,SDN 28 Talang Ubi,12 Siswa,
5 Mei 2025,Sumatera Selatan,Kabupaten Penukal Abab Lematang Ilir,SDN 20 Talang Ubi,12 Siswa,
5 Mei 2025,Sumatera Selatan,Kabupaten Penukal Abab Lematang Ilir,SDN 14 Talang Ubi,12 Siswa,
5 Mei 2025,Sumatera Selatan,Kabupaten Penukal Abab Lematang Ilir,SMPN 6 Talang Ubi,12 Siswa,
5 Mei 2025,Sumatera Selatan,Kabupaten Penukal Abab Lematang Ilir,MTs Handayani,12 Siswa,
5 Mei 2025,Sumatera Selatan,Kabupaten Penukal Abab Lematang Ilir,PAUD Marwah,12 Siswa,
5 Mei 2025,Sumatera Selatan,Kabupaten Penukal Abab Lematang Ilir,SMK 1 Handayani,12 Siswa,
5 Mei 2025,Sumatera Selatan,Kabupaten Penukal Abab Lematang Ilir,SMK 2 Agro,12 Siswa,
5 Mei 2025,Sumatera Selatan,Kabupaten Penukal Abab Lematang Ilir,PAUD Rumah Cinta,12 Siswa,
5 Mei 2025,Sumatera Selatan,Kabupaten Penukal Abab Lematang Ilir,TK Al Hafidz,12 Siswa,
5 Mei 2025,Sumatera Selatan,Kabupaten Penukal Abab Lematang Ilir,SMKN 2 Talang Ubi,12 Siswa,
5 Mei 2025,Sumatera Selatan,Kabupaten Penukal Abab Lematang Ilir,SDN 1 Talang Ubi,12 Siswa,
5 Mei 2025,Sumatera Selatan,Kabupaten Penukal Abab Lematang Ilir,SDN 2 Talang Ubi,12 Siswa,
5 Mei 2025,Sumatera Selatan,Kabupaten Penukal Abab Lematang Ilir,SMPN 1 Talang Ubi,18 Siswa,
2 September 2025,Sumatera Selatan,Kabupaten Ogan Komering Ilir,SD Negeri 1 Pedamaran,26 Siswa,
2 September 2025,Sumatera Selatan,Kabupaten Ogan Komering Ilir,SD Negeri 5 Pedamaran,26 Siswa,
2 September 2025,Sumatera Selatan,Kabupaten Ogan Komering Ilir,SMP Negeri 1 Pedamaran,28 Siswa,
3 September 2025,Sumatera Selatan,Kabupaten Musi Banyuasin,SDN 3 Mangun Jaya,9 Siswa,
23 September 2025,Sumatera Selatan,Kabupaten Ogan Komering Ulu,SMPN 9 Ogan Komering Ulu,12 Siswa,
25 September 2025,Sumatera Selatan,Kota Palembang,SDN 178 Palembang,15 Siswa,
5 November 2025,Sumatera Selatan,Kota Palembang,Pondok Pesantren Ma’had Zaadul Ma’ad,20 Santri,
26 November 2025,Sumatera Selatan,Kota Palembang,SMAN 2 Palembang,23 Siswa,
30 Januari 2026,Sumatera Selatan,Kota Palembang,SMPN 31 Palembang,4 Siswa,
9 Februari 2026,Sumatera Selatan,Kabupaten Ogan Ilir,Pondok Pesantren Al Ittifaqiah Indralaya,15 Santri,
22 Agustus 2025,Riau,Kabupaten Indragiri Hilir,SDN 032 Tembilahan,5 Siswa,
22 Agustus 2025,Riau,Kabupaten Indragiri Hilir,SDN 008 Tembilahan,5 Siswa,
22 Agustus 2025,Riau,Kabupaten Indragiri Hilir,SD Muhammadiyah,5 Siswa,
22 Agustus 2025,Riau,Kabupaten Indragiri Hilir,SMA Negeri 1 Kota,5 Siswa,
22 Agustus 2025,Riau,Kabupaten Indragiri Hilir,TK Faturahman,8 Siswa,
28 Agustus 2025,Riau,Kabupaten Kampar,SDN 006 Langgini,18 siswa,
23 Januari 2026,Riau,Kabupaten Siak,SMKN 1 Kandis,21 Siswa,
25 September 2025,Kepulauan Riau,Kabupaten Karimun,SMPN 2 Karimun,14 Siswa,
29 September 2025,Kepulauan Riau,Kota Batam,SDN 016 Seilekop,18 Siswa,
11 November 2025,Kepulauan Riau,Kota Batam,MAN 2 Kota Batam,235 Siswa,
28 Agustus 2025,Bengkulu,Kabupaten Lebong,PAUD IT Al-Azhar,44 Siswa,
28 Agustus 2025,Bengkulu,Kabupaten Lebong,PAUD Az-Zahra,44 Siswa,
28 Agustus 2025,Bengkulu,Kabupaten Lebong,TK Al Akhlak,44 Siswa,
28 Agustus 2025,Bengkulu,Kabupaten Lebong,SD IT Al Azhar,44 Siswa,
28 Agustus 2025,Bengkulu,Kabupaten Lebong,SD IT Al-Azhar Sukabumi,44 Siswa,
28 Agustus 2025,Bengkulu,Kabupaten Lebong,SD Muhammadiyah Ujung Tanjung,44 Siswa,
28 Agustus 2025,Bengkulu,Kabupaten Lebong,SD Muhammadiyah Ujung Tanjung II,44 Siswa,
28 Agustus 2025,Bengkulu,Kabupaten Lebong,SD Negeri 17 Ujung Tanjung I,44 Siswa,
28 Agustus 2025,Bengkulu,Kabupaten Lebong,SD Negeri 25 Desa Sukabumi,44 Siswa,
28 Agustus 2025,Bengkulu,Kabupaten Lebong,SD IT Suka Bumi,44 Siswa,
28 Agustus 2025,Bengkulu,Kabupaten Lebong,SMP 05 Lebong,44 Siswa,
28 Agustus 2025,Bengkulu,Kabupaten Lebong,SMP 16 Lebong,55 Siswa,
30 Januari 2026,Jambi,Kabupaten Muaro Jambi,TK (Spesifik tidak disebutkan),37 Siswa,
30 Januari 2026,Jambi,Kabupaten Muaro Jambi,SD (Spesifik tidak disebutkan),37 Siswa,
30 Januari 2026,Jambi,Kabupaten Muaro Jambi,SMP (Spesifik tidak disebutkan),37 Siswa,
30 Januari 2026,Jambi,Kabupaten Muaro Jambi,SMA (Spesifik tidak disebutkan),39 Siswa,
Agustus 2025,Bangka Belitung,Kabupaten Belitung Timur,TBA (Tidak Diumumkan),TBA (Tidak Diumumkan),
15 Juli 2025,Lampung,Kabupaten Lampung Utara,SD Soekarno Hatta,Puluhan Siswa,
15 Juli 2025,Lampung,Kabupaten Lampung Utara,SD IT Insan Rhobani,Puluhan Siswa,
29 Agustus 2025,Lampung,Kabupaten Lampung Utara,SDN 1 Negara Agung,16 Siswa,
29 September 2025,Lampung,Kabupaten Lampung Utara,SMAN 4 Kota Bumi,52 Siswa,
12 Januari 2026,Lampung,Kabupaten Lampung Utara,SDN 3 Sindang Sari,11 Siswa,
6 Agustus 2025,Lampung,Kabupaten Tanggamus,SDN 1 Way Jaha,18 Siswa,
26 Agustus 2025,Lampung,Kabupaten Lampung Timur,Pondok Pesantren Al Islah,40 Santri,
26 September 2025,Lampung,Kabupaten Lampung Timur,SDN 1 Lehan,8 Siswa,
26 September 2025,Lampung,Kabupaten Lampung Timur,SDN 2 Lehan,8 Siswa,
26 September 2025,Lampung,Kabupaten Lampung Timur,SDN 1 Sukadana,8 Siswa,
26 September 2025,Lampung,Kabupaten Lampung Timur,SD Catur Swako,8 Siswa,
26 September 2025,Lampung,Kabupaten Lampung Timur,SMPN PGRI 1 Bumi Agung,9 Siswa,
28 Januari 2026,Lampung,Kabupaten Lampung Timur,Pondok Pesantren (Spesifik tidak disebutkan),Ratusan siswa,
28 Januari 2026,Lampung,Kabupaten Lampung Timur,SD (Spesifik tidak disebutkan),Ratusan siswa,
28 Januari 2026,Lampung,Kabupaten Lampung Timur,SMP (Spesifik tidak disebutkan),Ratusan siswa,
29 Agustus 2025,Lampung,Kota Bandar Lampung,SDN 2 Sukabumi,61 siswa,
29 Agustus 2025,Lampung,Kota Bandar Lampung,SDN 2 Campang Raya,61 siswa,
29 Agustus 2025,Lampung,Kota Bandar Lampung,SMPN 31 Campang Raya,61 siswa,
29 Agustus 2025,Lampung,Kota Bandar Lampung,SMKN 5 Sukabumi,64 siswa,
11 Februari 2026,Lampung,Kota Bandar Lampung,SDN 4 Sumberjo,87 Orang,
11 Februari 2026,Lampung,Kota Bandar Lampung,SD Al Munawaroh,76 Orang,
11 Februari 2026,Lampung,Kota Bandar Lampung,SMPN 14 Bandar Lampung,43 Orang,
Tidak Disebutkan,Lampung,Kabupaten Lampung Selatan,TBA( Tidak Disebutkan),27 Siswa,
3 Desember 2025,Lampung,Kabupaten Lampung Selatan,SMPN 2 Kalianda,6 Siswa,
4 September 2025,Lampung,Kota Metro,TBA( Tidak Disebutkan),12 Siswa,
29 September 2025,Lampung,Kabupaten Tulang Bawang Barat,SDN 06 Penumangan Lama,8 Siswa,
6 Oktober 2025,Lampung,Kabupaten Lampung Tengah,SMA Negeri 1 Punggur,14 Siswa,
3 Desember 2025,Lampung,Kabupaten Way Kanan,SMP (Spesifik tidak disebutkan),11 Siswa + 1 Guru,
25 Februari 2025,Kalimantan Barat,Kabupaten Kubu Raya,SDN 08 Sungai Raya,5 Siswa,
23 September 2025,Kalimantan Barat,Kabupaten Ketapang,SDN 12 Benua Kayong,25 Siswa,
5 Februari 2026,Kalimantan Barat,Kabupaten Ketapang,SMP Negeri 1 Marau,139 Siswa,
5 Februari 2026,Kalimantan Barat,Kabupaten Ketapang,SMA Negeri 1 Marau,139 Siswa,
5 Februari 2026,Kalimantan Barat,Kabupaten Ketapang,SMK Negeri 1 Marau,139 Siswa,
25 September 2025,Kalimantan Barat,Kabupaten Sanggau,MIS Al-Wardah,6 Siswa,
29 September 2025,Kalimantan Barat,Kabupaten Kayong Utara,SMP PGRI 01 Simpang Hilir,9 Siswa,
4 November 2025,Kalimantan Barat,Kabupaten Kapuas Hulu,SD Tahfiz Al-Hidayah,9 Siswa,
4 November 2025,Kalimantan Barat,Kabupaten Kapuas Hulu,SDN 1 Kedamin,10 Siswa,
19 November 2025,Kalimantan Barat,Kabupaten Landak,SMA Maniamas Ngabang,17 Siswa,
19 November 2025,Kalimantan Barat,Kabupaten Landak,SMK Maniamas Ngabang,17 Siswa,
19 November 2025,Kalimantan Barat,Kabupaten Landak,SMA Pelita,19 Siswa,
5 Februari 2026,Kalimantan Barat,Kota Singkawang,MAN Model Singkawang,56 Siswa,
29 September 2025,Kalimantan Tengah,Kota Palangkaraya,SDN 3 Bukit Tunggal,27 Siswa,
13 Januari 2025,Kalimantan Utara,Kabupaten Nunukan,SDN 003 Nunukan Selatan,29 Siswa,
13 Januari 2025,Kalimantan Utara,Kabupaten Nunukan,SMAN 2 Nunukan Selatan,> 30 Siswa,
30 September 2025,Kalimantan Utara,Kabupaten Nunukan,"PAUD Ar Rahman, Sei Limau",36 Siswa,
30 September 2025,Kalimantan Utara,Kabupaten Nunukan,MI As Adiyah Tapal Batas,36 Siswa,
30 September 2025,Kalimantan Utara,Kabupaten Nunukan,SDN 04 Sei Limau,36 Siswa,
30 September 2025,Kalimantan Utara,Kabupaten Nunukan,SDN 05 Sei Limau,37 Siswa,
22 September 2025,Kalimantan Utara,Kabupaten Bulungan,SMAN 1 Tanjung Selor,2 Siswa,
25 September 2025,Kalimantan Timur,Kota Balikpapan,SMKN 3 Balikpapan,5 Siswa,
12 Februari 2026,Kalimantan Timur,Kabupaten Penajam Paser Utara,SDN 008 Waru,13 Siswa,
12 Februari 2026,Kalimantan Timur,Kabupaten Penajam Paser Utara,SMAN 2 Penajam Paser Utara,13 Siswa,
9 Oktober 2025,Kalimantan Selatan,Kabupaten Banjar,Sekolah Islam Terpadu Assalam,26 Siswa,
9 Oktober 2025,Kalimantan Selatan,Kabupaten Banjar,SD Muhammadiyah,26 Siswa,
9 Oktober 2025,Kalimantan Selatan,Kabupaten Banjar,SDN 1 Tungkaran,26 Siswa,
9 Oktober 2025,Kalimantan Selatan,Kabupaten Banjar,SDN 1 Pasayangan,26 Siswa,
9 Oktober 2025,Kalimantan Selatan,Kabupaten Banjar,SMA IT Assalam,30 Siswa,
21 Oktober 2025,Kalimantan Selatan,Kota Banjarmasin,SMPN 33 Banjarmasin,40 Siswa,
19 Januari 2025,Banten,Kabupaten Pandeglang,SDN 2 Alaswangi,28 Siswa,
2 September 2025,Banten,Kabupaten Serang,SMPN 1 Kramatwatu,27 Siswa,
September 2025,Banten,Kota Tangerang Selatan,SD (Spesifik tidak disebutkan),TBA (Tidak Diumumkan),
29 Agustus 2025,DKI Jakarta,Jakarta Selatan,TBA (Tidak diumumkan),3 Siswa,
8 September 2025,DKI Jakarta,Jakarta Utara,TBA (Tidak diumumkan),14 Siswa,
8 September 2025,DKI Jakarta,Jakarta Utara,SMPN 277 Jakarta,Puluhan Siswa,
Tidak Disebutkan,DKI Jakarta,Jakarta Utara,Kelurahan Lagoa,79 Siswa,
23 September 2025,DKI Jakarta,Jakarta Utara,SMAN 15 Jakarta,7 Siswa,
25 September 2025,DKI Jakarta,Jakarta Timur,SDN 07 Pulogebang,6 Siswa,
30 September 2025,DKI Jakarta,Jakarta Timur,SDN 01 Gedong,22 Siswa,
29 Oktober 2025,DKI Jakarta,Jakarta Barat,SDN Meruya Selatan 01,20 Siswa,
14 Januari 2025,Jawa Barat,Kabupaten Indramayu,TBA (Tidak Disebutkan),6 Siswa,
22 Agustus 2025,Jawa Barat,Kabupaten Indramayu,TBA (Tidak Disebutkan),2 Siswa,
21 April 2025,Jawa Barat,Kabupaten Cianjur,MAN 1 Cianjur,51 Siswa,
21 April 2025,Jawa Barat,Kabupaten Cianjur,SMP PGRI Cianjur,52 Siswa,
20 Agustus 2025,Jawa Barat,Kabupaten Cianjur,Pondok Pesantren Darul Quran,12 Santri,
3 September 2025,Jawa Barat,Kabupaten Cianjur,MTs Islamiyah Sayang,9 Siswa,
11 September 2025,Jawa Barat,Kabupaten Cianjur,SDN Salakawung,18 Siswa,
11 September 2025,Jawa Barat,Kabupaten Cianjur,SMP Budi Luhur,18 Siswa,
25 September 2025,Jawa Barat,Kabupaten Cianjur,SDN Taruna Bakti,30 Siswa,
9 Oktober 2025,Jawa Barat,Kabupaten Cianjur,Yayasan Raudhatul Muttaqin,16 Siswa,
27 Januari 2026,Jawa Barat,Kabupaten Cianjur,SDN Wargasari,150 Siswa,
27 Januari 2026,Jawa Barat,Kabupaten Cianjur,TBA ( Tidak disebutkan),150 Siswa,
29 April 2025,Jawa Barat,Kota Bandung,SMP Negeri 35 Bandung,342 siswa dan 2 guru,
1 Mei 2025,Jawa Barat,Kabupaten Tasikmalaya,Beberapa Sekolah TK,100 Siswa,
1 Mei 2025,Jawa Barat,Kabupaten Tasikmalaya,SDN 1 Rajapolah,100 Siswa,
1 Mei 2025,Jawa Barat,Kabupaten Tasikmalaya,SDN 2 Rajapolah,100 Siswa,
1 Mei 2025,Jawa Barat,Kabupaten Tasikmalaya,SMPN 1 Rajapolah,100 Siswa,
18 September 2025,Jawa Barat,Kabupaten Tasikmalaya,SD Cikalong 1,17 Siswa,
18 September 2025,Jawa Barat,Kabupaten Tasikmalaya,PAUD di wilayah Cikalong,17 Siswa,
18 September 2025,Jawa Barat,Kabupaten Tasikmalaya,“beberapa sekolah lain” di Kecamatan Cikalong,18 Siswa,
2 Oktober 2025,Jawa Barat,Kabupaten Tasikmalaya,SMK Negeri Cipatujah,38 Siswa,
2 Oktober 2025,Jawa Barat,Kabupaten Tasikmalaya,SMP Negeri 4 Cipatujah,38 Siswa,
2 Oktober 2025,Jawa Barat,Kabupaten Tasikmalaya,Pondok Pesantren Nursyamsiah,39 Siswa,
13 Oktober 2025,Jawa Barat,Kabupaten Tasikmalaya,Posyandu Daerah Manonjaya,11 Balita,
17 Oktober 2025,Jawa Barat,Kabupaten Tasikmalaya,SDN Margamulya,13 Siswa,
7 S/d 9 Mei 2025,Jawa Barat,Kota Bogor,TK Bosowa Bina Insani,28 Siswa,
7 S/d 9 Mei 2025,Jawa Barat,Kota Bogor,SD Bosowa Bina Insani,13 Siswa,
7 S/d 9 Mei 2025,Jawa Barat,Kota Bogor,SMP Bosowa Bina Insani,96 Siswa,
7 S/d 9 Mei 2025,Jawa Barat,Kota Bogor,SMA Bosowa Bina Insani,1 Siswa,
7 S/d 9 Mei 2025,Jawa Barat,Kota Bogor,SDN Kukupu 3,8 Siswa,
7 S/d 9 Mei 2025,Jawa Barat,Kota Bogor,SDN Kedung Waringin,7 Siswa,
7 S/d 9 Mei 2025,Jawa Barat,Kota Bogor,SDN Kedung Jaya 1,16 Siswa,
7 S/d 9 Mei 2025,Jawa Barat,Kota Bogor,SDN Kedung Jaya 2,46 Siswa,
7 S/d 9 Mei 2025,Jawa Barat,Kota Bogor,SMP Bina Greha,8 Siswa,
14 November 2025,Jawa Barat,Kota Bogor,SDN 2 Batu Tulis,12 Siswa,
14 November 2025,Jawa Barat,Kota Bogor,SDN 3 Batu Tulis,12 Siswa,
14 November 2025,Jawa Barat,Kota Bogor,SD Lawang Gintung,12 Siswa,
14 November 2025,Jawa Barat,Kota Bogor,SMK PUI Kota Bogor,14 Siswa,
31 Juli 2025,Jawa Barat,Kabupaten Kuningan,SMPN 1 Cilimus,± 30 Siswa,
3 Oktober 2025,Jawa Barat,Kabupaten Kuningan,SMP 1 Luragung,97 Siswa,
3 Oktober 2025,Jawa Barat,Kabupaten Kuningan,SMAN 1 Luragung,103 Siswa,
28 November 2025,Jawa Barat,Kabupaten Kuningan,TBA (tidak disebutkan),74 Siswa,
6 Agustus 2025,Jawa Barat,Kabupaten Sukabumi,SDN Puncak Batu,8 Siswa,
6 Agustus 2025,Jawa Barat,Kabupaten Sukabumi,MI Cikadu,8 Siswa,
6 Agustus 2025,Jawa Barat,Kabupaten Sukabumi,PAUD di Desa Cipamingkis,8 Siswa,
6 Agustus 2025,Jawa Barat,Kabupaten Sukabumi,TBA (tidak disebutkan),8 Siswa,
22 Agustus 2025,Jawa Barat,Kabupaten Sukabumi,SDN 02 Parakansalak,24 Siswa,
11 September 2025,Jawa Barat,Kabupaten Sukabumi,SMKN 1 Cibadak,69 Siswa,
24 September 2025,Jawa Barat,Kabupaten Sukabumi,SMK Doa Bangsa,32 Siswa,
28 Januari 2026,Jawa Barat,Kabupaten Sukabumi,PAUD Al Hadi,4 Siswa,
28 Januari 2026,Jawa Barat,Kabupaten Sukabumi,SDN Bojong Kopo,4 Siswa,
28 Januari 2026,Jawa Barat,Kabupaten Sukabumi,SDN Gunung Biru,4 Siswa,
28 Januari 2026,Jawa Barat,Kabupaten Sukabumi,SDN Loji,4 Siswa,
28 Januari 2026,Jawa Barat,Kabupaten Sukabumi,SDN Sangrawayang,4 Siswa,
28 Januari 2026,Jawa Barat,Kabupaten Sukabumi,SDN Cibutun,4 Siswa,
28 Januari 2026,Jawa Barat,Kabupaten Sukabumi,MA (Spesifik tidak disebutkan,7 Siswa,
14 Agustus 2025,Jawa Barat,Kabupaten Karawang,TBA( tidak disebutkan),82 Siswa,
21 Agustus 2025,Jawa Barat,Kabupaten Bandung,SD Negeri Legok Hayam,12 Siswa,
17 September 2025,Jawa Barat,Kabupaten Garut,SDN 2 Mandalasari,131 Siswa,
17 September 2025,Jawa Barat,Kabupaten Garut,SMP Siti Aisyah,131 Siswa,
17 September 2025,Jawa Barat,Kabupaten Garut,MA (Madrasah Aliyah) Siti Aisyah,131 Siswa,
17 September 2025,Jawa Barat,Kabupaten Garut,MA Maarif Cilageni,131 Siswa,
17 September 2025,Jawa Barat,Kabupaten Garut,SMA Siti Aisyah,133 Siswa,
30 September 2025,Jawa Barat,Kabupaten Garut,SDN 3 Talagasari,76 Siswa,
30 September 2025,Jawa Barat,Kabupaten Garut,SMPN 1 Kadungora,76 Siswa,
30 September 2025,Jawa Barat,Kabupaten Garut,SMP PGRI Kadungora,76 Siswa,
30 September 2025,Jawa Barat,Kabupaten Garut,SMA Annisa Kadungora,79 Siswa,
22 September 2025,Jawa Barat,Kabupaten Bandung Barat,SD Negeri Cipari,121 Siswa,
22 September 2025,Jawa Barat,Kabupaten Bandung Barat,MTs Darul Fiqri,121 Siswa,
22 September 2025,Jawa Barat,Kabupaten Bandung Barat,SMK Pembangunan Bandung Barat,121 Siswa,
24 September 2025,Jawa Barat,Kabupaten Bandung Barat,TK Nurul Saadah,121 Siswa,
24 September 2025,Jawa Barat,Kabupaten Bandung Barat,SMP Ciparai,121 Siswa,
24 September 2025,Jawa Barat,Kabupaten Bandung Barat,SMK Karya Perjuangan,121 Siswa,
24 September 2025,Jawa Barat,Kabupaten Bandung Barat,MTs Manarul Huda,121 Siswa,
24 September 2025,Jawa Barat,Kabupaten Bandung Barat,SDN 1 Cihampelas,121 Siswa,
24 September 2025,Jawa Barat,Kabupaten Bandung Barat,MTs Al Mukhtariyah,121 Siswa,
24 September 2025,Jawa Barat,Kabupaten Bandung Barat,SMKN 1 Cihampelas,121 Siswa,
24 September 2025,Jawa Barat,Kabupaten Bandung Barat,MA Al Mukhtariyah,123 Siswa,
14 Oktober 2025,Jawa Barat,Kabupaten Bandung Barat,SMPN 1 Cisarua,74 Siswa,
15 Oktober 2025,Jawa Barat,Kabupaten Bandung Barat,SDN 1 Garuda,74 Siswa,
15 Oktober 2025,Jawa Barat,Kabupaten Bandung Barat,SD Negeri 1 Barukai,74 Siswa,
15 Oktober 2025,Jawa Barat,Kabupaten Bandung Barat,SMKN 1 Cisarua,74 Siswa,
15 Oktober 2025,Jawa Barat,Kabupaten Bandung Barat,SMP Karya Prestasi Mandiri,74 Siswa,
15 Oktober 2025,Jawa Barat,Kabupaten Bandung Barat,SMK Widya Karya,74 Siswa,
15 Oktober 2025,Jawa Barat,Kabupaten Bandung Barat,pesantren Bani Sulaiman,74 Siswa,
23 Oktober 2025,Jawa Barat,Kabupaten Bandung Barat,SMPN 1 Lembang,30 Siswa,
28 Oktober 2025,Jawa Barat,Kabupaten Bandung Barat,SDN 1 Cibodas,39 Siswa,
28 Oktober 2025,Jawa Barat,Kabupaten Bandung Barat,SDN 2 Cibodas,39 Siswa,
28 Oktober 2025,Jawa Barat,Kabupaten Bandung Barat,SDN 1 Sutenjaya,39 Siswa,
28 Oktober 2025,Jawa Barat,Kabupaten Bandung Barat,SDN Buahbatu,39 Siswa,
28 Oktober 2025,Jawa Barat,Kabupaten Bandung Barat,SMPN 4 Lembang,39 Siswa,
28 Oktober 2025,Jawa Barat,Kabupaten Bandung Barat,SMK Putra Nasional Cibodas,41 Siswa,
11 November 2025,Jawa Barat,Kabupaten Bandung Barat,SMP Bina Karya,21 Siswa,
25 September 2025,Jawa Barat,Kabupaten Subang,SD Rawalele,11 Siswa,
25 September 2025,Jawa Barat,Kabupaten Sumedang,SMK Win Ujungjaya,54 Siswa,
25 September 2025,Jawa Barat,Kabupaten Sumedang,SMK Rimba Bahari Situraja,54 Siswa,
25 September 2025,Jawa Barat,Kabupaten Sumedang,SMA Negeri 1 Tomo,56 Siswa,
26 September 2025,Jawa Barat,Kabupaten Bogor,SMPN 1 Jonggol,4 Siswa,
1 Oktober 2025,Jawa Barat,Kabupaten Bogor,SDN 02 Pasir Angin,3 Siswa,
16 Oktober 2025,Jawa Barat,Kabupaten Bogor,SDN Ciangsana 02 Bogor,7 Siswa,
29 September 2025,Jawa Barat,Kabupaten Ciamis,SMPN 4 Pamarican,52 Siswa,
3 Oktober 2025,Jawa Barat,Kabupaten Ciamis,SDN 1 Sindang Sari,10 Siswa,
1 Oktober 2025,Jawa Barat,Kabupaten Pangandaran,MI Attarbiyah Leuwiliang,8 Siswa,
1 Oktober 2025,Jawa Barat,Kota Banjar,SMPN 3 Banjar,79 Siswa,
2 Oktober 2025,Jawa Barat,Kota Bekasi,SDN Kota Baru 3 Bekasi,6 Siswa,
22 Oktober 2025,Jawa Barat,Kota Cirebon,SDN Kesenden,13 Siswa,
4 November 2025,Jawa Barat,Kabupaten Cirebon,SDN 2 Setu Wetan,20 Siswa,
17 November 2025,Jawa Barat,Kota Sukabumi,MI Al Ihsan,28 Siswa,
4 Desember 2025,Jawa Barat,Kabupaten Majalengka,TBA (Tidak disebutkan),42 Orang,
16 Januari 2025,Jawa Tengah,Kabupaten Sukoharjo,SDN Dukuh 03 Sukoharjo,50 Siswa,
14 April 2025,Jawa Tengah,Kabupaten Batang,SDN 5 Proyonanggan,60 Siswa,
14 April 2025,Jawa Tengah,Kabupaten Batang,TK Islam Al Karomah,3 Siswa,
31 Oktober 2025,Jawa Tengah,Kabupaten Batang,SMK Kandeman,800 Siswa,
24 April 2025,Jawa Tengah,Kabupaten Karanganyar,SD Wonorejo,2 Siswa dan 1 Kepala Sekolah,
3 Oktober 2025,Jawa Tengah,Kabupaten Karanganyar,TBA ( Tidak disebutkan),168 Siswa,
9 Oktober 2025,Jawa Tengah,Kabupaten Karanganyar,TK Nglebak 1,21 Siswa,
9 Oktober 2025,Jawa Tengah,Kabupaten Karanganyar,TK Nglebak 2,21 Siswa,
9 Oktober 2025,Jawa Tengah,Kabupaten Karanganyar,SD Negeri 2 Nglebak,21 Siswa,
9 Oktober 2025,Jawa Tengah,Kabupaten Karanganyar,SDN 3 Ngeblak,21 Siswa,
9 Oktober 2025,Jawa Tengah,Kabupaten Karanganyar,SMP Negeri 1 Tawangmangu,21 Siswa,
13 Oktober 2025,Jawa Tengah,Kabupaten Karanganyar,SMPN 1 Colomadu,17 Siswa,
15 Oktober 2025,Jawa Tengah,Kabupaten Karanganyar,SMPN 1 Karanganyar,Ratusan siswa,
11 Agustus 2025,Jawa Tengah,Kabupaten Sragen,SD Negeri 3 Gemolong,1 Orang,
11 Agustus 2025,Jawa Tengah,Kabupaten Sragen,SD Negeri 4 Gemolong,26 Orang,
11 Agustus 2025,Jawa Tengah,Kabupaten Sragen,SD Negeri Gemolong,66 Orang,
11 Agustus 2025,Jawa Tengah,Kabupaten Sragen,SMP Negeri 1 Gemolong,97 Orang,
11 Agustus 2025,Jawa Tengah,Kabupaten Sragen,SMP Negeri 2 Gemolong,61 Orang,
11 Agustus 2025,Jawa Tengah,Kabupaten Sragen,SMP Negeri 3 Gemolong,1 Orang,
11 Agustus 2025,Jawa Tengah,Kabupaten Sragen,TBA (Tidak Disebutkan),28 Orang,
11 Agustus 2025,Jawa Tengah,Kabupaten Sragen,TBA (Tidak Disebutkan),28 Orang,
11 Agustus 2025,Jawa Tengah,Kabupaten Sragen,TBA (Tidak Disebutkan),28 Orang,
11 Agustus 2025,Jawa Tengah,Kabupaten Sragen,TBA (Tidak Disebutkan),30 Orang,
10 September 2025,Jawa Tengah,Kabupaten Klaten,Siswa SD (Spesifik Tidak Disebutkan),105 Siswa,
8 Oktober 2025,Jawa Tengah,Kabupaten Klaten,SMPN 1 Wedi,49 Siswa,
11 September 2025,Jawa Tengah,Kabupaten Wonogiri,Madrasah Ibtidaiyah Negeri (MIN) Wonogiri,23 Siswa,
12 September 2025,Jawa Tengah,Kabupaten Wonogiri,SMAN 2 Wonogiri,110 Siswa,
30 September 2025,Jawa Tengah,Kabupaten Wonogiri,Ponpes Baitul Quran,65 Siswa,
30 September 2025,Jawa Tengah,Kabupaten Wonogiri,SMAN 1 Slogohimo,66 Siswa,
12 Januari 2026,Jawa Tengah,Kabupaten Wonogiri,TBA (Tidak disebutkan),206 Siswa,
22 September 2025,Jawa Tengah,Kota Salatiga,MAN Kota Salatiga,± 7 siswa,
3 Oktober 2025,Jawa Tengah,Kota Salatiga,SMP Negeri 8 Salatiga,192 Siswa,
6 Oktober 2025,Jawa Tengah,Kota Salatiga,TBA (Tidak Disebutkan),12 Siswa,
23 September 2025,Jawa Tengah,Kabupaten Jepara,TK Melati Banjaran,8 Siswa,
23 September 2025,Jawa Tengah,Kabupaten Jepara,Kelompok Bermain Darul Karomah Srikandang,8 Siswa,
23 September 2025,Jawa Tengah,Kabupaten Jepara,MI Matholiul Huda Srikandang,8 Siswa,
23 September 2025,Jawa Tengah,Kabupaten Jepara,SDN 1 Banjaran,11 Siswa,
24 September 2025,Jawa Tengah,Kabupaten Rembang,SMPN 1 Kragan,173 Siswa,
22 September 2025,Jawa Tengah,Kabupaten Banyumas,TK,136 Siswa,
22 September 2025,Jawa Tengah,Kabupaten Banyumas,SDN Kediri,136 Siswa,
22 September 2025,Jawa Tengah,Kabupaten Banyumas,SDN Pangebatan,136 Siswa,
29 September 2025,Jawa Tengah,Kabupaten Banyumas,SD 1 Sudagaran,23 Siswa,
29 September 2025,Jawa Tengah,Kabupaten Banyumas,SD 2 Sudagaran,23 Siswa,
29 September 2025,Jawa Tengah,Kabupaten Banyumas,SD 3 Sudagaran,23 Siswa,
29 September 2025,Jawa Tengah,Kabupaten Banyumas,SD Muhammadiyah,25 Siswa,
25 September 2025,Jawa Tengah,Kabupaten Kebumen,SDN Tegalretno,88 Siswa,
25 September 2025,Jawa Tengah,Kabupaten Kebumen,Madrasah Wathoniyah Islamiyah,88 Siswa,
30 September 2025,Jawa Tengah,Kabupaten Semarang,SDN 01 Ungaran,20 Siswa,
30 September 2025,Jawa Tengah,Kabupaten Temanggung,SMAN 2 Temanggung,207 Siswa,
30 September 2025,Jawa Tengah,Kabupaten Temanggung,SMAN 3 Temanggung,207 Siswa,
3 Oktober 2025,Jawa Tengah,Kabupaten Purworejo,SMPN 8 Purworejo,67 Siswa,
3 Oktober 2025,Jawa Tengah,Kabupaten Purworejo,SMAN 3 Purworejo.,67 Siswa,
18 November 2025,Jawa Tengah,Kabupaten Magelang,Pondok Pesatren Nurul Ali,112 Santri,
26 November 2025,Jawa Tengah,Kabupaten Blora,SMPN 1 Blora,270 Siswa,
26 November 2025,Jawa Tengah,Kabupaten Blora,SMP Katolik Blora,270 Siswa,
26 November 2025,Jawa Tengah,Kabupaten Blora,SMP Kristen Blora,270 Siswa,
26 November 2025,Jawa Tengah,Kabupaten Kendal,SMPN 1 Kendal,17 Siswa,
11 Desember 2025,Jawa Tengah,Kabupaten Grobogan,Desa Putatsari,23 Orang,
10 Januari 2026,Jawa Tengah,Kabupaten Grobogan,TK Ngroto,133 Siswa,
10 Januari 2026,Jawa Tengah,Kabupaten Grobogan,SDN Trisari,133 Siswa,
10 Januari 2026,Jawa Tengah,Kabupaten Grobogan,SDN Glapan,133 Siswa,
10 Januari 2026,Jawa Tengah,Kabupaten Grobogan,SDN Penadaran,133 Siswa,
10 Januari 2026,Jawa Tengah,Kabupaten Grobogan,SMP Miftahul Huda,133 Siswa,
10 Januari 2026,Jawa Tengah,Kabupaten Grobogan,SMK Miftahul Huda,138 Siswa,
30 Januari 2026,Jawa Tengah,Kabupaten Grobogan,SDN 2 Pulongrambe,4 Siswa,
30 Januari 2026,Jawa Tengah,Kabupaten Grobogan,SDN 3 Mayahan,4 Siswa,
8 Januari 2026,Jawa Tengah,Kota Semarang,SMKN 11 Semarang,75 Siswa,
13 Januari 2026,Jawa Tengah,Kabupaten Pekalongan,SDN 01 Kedungwuni,15 Siswa,
22 Januari 2026,Jawa Tengah,Kota Magelang,SMPN 10 Kota Magelang,75 Siswa dan 5 Guru,
29 Januari 2026,Jawa Tengah,Kabupaten Kudus,SMAN 2 Kudus,600 Siswa,
9 Februari 2026,Jawa Tengah,Kabupaten Pati,SMKN 4 Pati,22 Siswa,
17 Juni 2025,Daerah Istimewa Yogyakarta,Kabupaten Kulon Progo,TK Aisyiyah Bustanul Athfal (ABA) Kasatriyan,10 Siswa,
31 Juli 2025,Daerah Istimewa Yogyakarta,Kabupaten Kulon Progo,SMPN 2 Wates,124 Siswa,
31 Juli 2025,Daerah Istimewa Yogyakarta,Kabupaten Kulon Progo,SMP Muhammadiyah 2 Wates,124 Siswa,
31 Juli 2025,Daerah Istimewa Yogyakarta,Kabupaten Kulon Progo,SD Triharjo,124 Siswa,
31 Juli 2025,Daerah Istimewa Yogyakarta,Kabupaten Kulon Progo,SD Sogan,125 Siswa,
20 Januari 2025,Daerah Istimewa Yogyakarta,Kabupaten Kulon Progo,PAUD (Spesifik tidak disebutkan),34 Siswa,
20 Januari 2025,Daerah Istimewa Yogyakarta,Kabupaten Kulon Progo,TK (Spesifik tidak disebutkan),34 Siswa,
20 Januari 2025,Daerah Istimewa Yogyakarta,Kabupaten Kulon Progo,SD (Spesifik tidak disebutkan),36 Siswa,
13 Agustus 2025,Daerah Istimewa Yogyakarta,Kabupaten Sleman,SMP Muhammadiyah 1 Mlati,94 Siswa,
13 Agustus 2025,Daerah Istimewa Yogyakarta,Kabupaten Sleman,SMP Muhammadiyah 3 Mlati,94 Siswa,
13 Agustus 2025,Daerah Istimewa Yogyakarta,Kabupaten Sleman,SMP Negeri 3 Mlati,94 Siswa,
13 Agustus 2025,Daerah Istimewa Yogyakarta,Kabupaten Sleman,SMP Pamungkas Mlati,97 Siswa,
27 Agustus 2025,Daerah Istimewa Yogyakarta,Kabupaten Sleman,SMPN 3 Berbah,135 siswa + 2 guru,
24 Oktober 2025,Daerah Istimewa Yogyakarta,Kabupaten Sleman,SD Jombor Lor,100 Siswa,
24 Oktober 2025,Daerah Istimewa Yogyakarta,Kabupaten Sleman,SMP Negeri 2 Mlati,100 Siswa,
24 Oktober 2025,Daerah Istimewa Yogyakarta,Kabupaten Sleman,MAN 3 Yogyakarta,100 Siswa,
3 September 2025,Daerah Istimewa Yogyakarta,Kabupaten Gunungkidul,MTsN Wonosari,5 Siswa,
15 September 2025,Daerah Istimewa Yogyakarta,Kabupaten Gunungkidul,SDN Sumberejo,6 Siswa,
15 September 2025,Daerah Istimewa Yogyakarta,Kabupaten Gunungkidul,SMPN 2 Semin,6 Siswa,
15 September 2025,Daerah Istimewa Yogyakarta,Kabupaten Gunungkidul,SMPS Budi Mulia Semin,7 Siswa,
3 Oktober 2025,Daerah Istimewa Yogyakarta,Kabupaten Gunungkidul,SD Negeri 03 Piyaman,6 Siswa,
28 Oktober 2025,Daerah Istimewa Yogyakarta,Kabupaten Gunungkidul,SMPN 1 Saptosari,347 Siswa,
28 Oktober 2025,Daerah Istimewa Yogyakarta,Kabupaten Gunungkidul,SMKN 1 Saptosari,348 Siswa,
29 Oktober 2025,Daerah Istimewa Yogyakarta,Kabupaten Gunungkidul,SD Sumbergiri,20 Siswa,
29 Oktober 2025,Daerah Istimewa Yogyakarta,Kabupaten Gunungkidul,SDN Mendak 1,20 Siswa,
29 Oktober 2025,Daerah Istimewa Yogyakarta,Kabupaten Gunungkidul,SMPN 1 Ponjong,20 Siswa,
29 Oktober 2025,Daerah Istimewa Yogyakarta,Kabupaten Gunungkidul,SMA Pembangunan 3 Ponjong,20 Siswa,
29 Oktober 2025,Daerah Istimewa Yogyakarta,Kabupaten Gunungkidul,SMK Ma'Arif,20 Siswa,
29 Oktober 2025,Daerah Istimewa Yogyakarta,Kabupaten Gunungkidul,SMK Muhammadiyah,21 Siswa,
3 November 2025,Daerah Istimewa Yogyakarta,Kabupaten Gunungkidul,TBA (Tidak disebutkan),547 Siswa,
23 Januari 2026,Daerah Istimewa Yogyakarta,Kabupaten Gunungkidul,SMP Muhammadiyah Playen,"48 Siswa, 9 Guru dan 1 Kepala Sekolah",
15 Oktober 2025,Daerah Istimewa Yogyakarta,Kota Yogyakarta,SMAN 1 Yogyakarta,426 Siswa,
15 Oktober 2025,Daerah Istimewa Yogyakarta,Kota Yogyakarta,SMA Muhammadiyah 7 Yogyakarta,65 Siswa,
31 Oktober 2025,Daerah Istimewa Yogyakarta,Kabupaten Bantul,SD 2 Bakulan,47 Siswa,
31 Oktober 2025,Daerah Istimewa Yogyakarta,Kabupaten Bantul,SMPN 1 jetis,47 Siswa,
31 Oktober 2025,Daerah Istimewa Yogyakarta,Kabupaten Bantul,SMPN 3 Jetis,47 Siswa,
31 Oktober 2025,Daerah Istimewa Yogyakarta,Kabupaten Bantul,SMP Muhammadiyah Pulokasang,47 Siswa,
31 Oktober 2025,Daerah Istimewa Yogyakarta,Kabupaten Bantul,SMAN 1 Jetis,49 Siswa,
2 Oktober 2024,Jawa Timur,Kabupaten Nganjuk,SDN Banaran I,7 Siswa,
4 September 2025,Jawa Timur,Kabupaten Situbondo,SMAN 1 Panji,232 Siswa,
9 September 2025,Jawa Timur,Kabupaten Pamekasan,Lembaga Pendidikan Al-Falah,18 Siswa,
9 September 2025,Jawa Timur,Kabupaten Pamekasan,Lembaga Pendidikan Al-Amin,19 Siswa,
17 September 2025,Jawa Timur,Kabupaten Pamekasan,SDN Pasanggar 1 Pegantenan,8 Siswa,
15 Oktober 2025,Jawa Timur,Kabupaten Pamekasan,SDN Toronan 1,9 Siswa,
6 November 2025,Jawa Timur,Kabupaten Pamekasan,MTS Al-Ula,17 Siswa,
6 November 2025,Jawa Timur,Kabupaten Pamekasan,MA Al Islamiyah Blumbungan,3 Siswa,
17 September 2025,Jawa Timur,Kabupaten Lamongan,SMAN 2 Lamongan,18 Siswa,
24 September 2025,Jawa Timur,Kabupaten Bojonegoro,SDN Semanding,7 Siswa,
1 Oktober 2025,Jawa Timur,Kabupaten Bojonegoro,SMAN 1 Kedungadem,544 Siswa,
2 Oktober 2025,Jawa Timur,Kabupaten Bojonegoro,SD Negeri Tumbrasanom,7 Siswa,
2 Oktober 2025,Jawa Timur,Kabupaten Bojonegoro,MTs Plus Nabawi,6 Siswa,
28 November 2025,Jawa Timur,Kabupaten Bojonegoro,Pondok Pesantren Al Falah,30 Santri,
24 September 2025,Jawa Timur,Kabupaten Tuban,SMKN 1 Palang,6 Siswa,
14 Oktober 2025,Jawa Timur,Kabupaten Tuban,SMKN Tambakboyo,8 Siswa,
27 Januari 2026,Jawa Timur,Kabupaten Tuban,SMPN 1 Montong,14 Siswa,
25 September 2025,Jawa Timur,Kota Batu,SMPN 1 Kota Batu,6 Siswa,
25 September 2025,Jawa Timur,Kota Batu,SMAN 1 Kota Batu,6 Siswa,
26 September 2025,Jawa Timur,Kabupaten Jember,SDN 05 Sidomekar,16 Siswa,
5 Februari 2026,Jawa Timur,Kabupaten Jember,SMP Negeri 1 Umbulsari,112 Orang,
1 Oktober 2025,Jawa Timur,Kabupaten Ngawi,SMK Negeri 1 Sine,51 Siswa,
1 Oktober 2025,Jawa Timur,Kabupaten Ngawi,MTs Muhammadiyah Sine,5 Siswa,
26 November 2025,Jawa Timur,Kabupaten Ngawi,SDN 2 Jenggrik,17 Siswa,
26 November 2025,Jawa Timur,Kabupaten Ngawi,SDN 6 Jenggrik,17 Siswa,
26 November 2025,Jawa Timur,Kabupaten Ngawi,SDN 5 Gemarang,17 Siswa,
26 November 2025,Jawa Timur,Kabupaten Ngawi,SMPN 2 Kedunggalar,17 Siswa,
26 November 2025,Jawa Timur,Kabupaten Ngawi,SMAN 1 Kedunggalar,19 Siswa,
4 Desember 2025,Jawa Timur,Kabupaten Ngawi,Ponpes Absoru Sunah,36 Siswa,
4 Desember 2025,Jawa Timur,Kabupaten Ngawi,Ponpes Miftahul Janah,36 Siswa,
4 Desember 2025,Jawa Timur,Kabupaten Ngawi,SDN 2 Mantingan,36 Siswa,
4 Desember 2025,Jawa Timur,Kabupaten Ngawi,SDN 3 Mantingan,36 Siswa,
4 Desember 2025,Jawa Timur,Kabupaten Ngawi,SDN 5 Mantingan,36 Siswa,
4 Desember 2025,Jawa Timur,Kabupaten Ngawi,SD (Spesifik tidak disebutkan),40 Siswa,
13 Februari 2026,Jawa Timur,Kabupaten Ngawi,Ponpes Al hijrah,67 Santri,
13 Oktober 2025,Jawa Timur,Kabupaten Tulungagung,SDN 1 Tanggung,34 Siswa,
13 Oktober 2025,Jawa Timur,Kabupaten Tulungagung,SMPN 1 Boyolangu,34 Siswa,
20 Januari 2026,Jawa Timur,Kabupaten Tulungagung,SMKN 3 Boyolangu,123 Siswa,
22 Januari 2026,Jawa Timur,Kabupaten Tulungagung,SMK Sore Tulungagung,15 Siswa,
10 Februari 2026,Jawa Timur,Kabupaten Tulungagung,SDN 3 Bungur,24 Siswa,
17 Oktober 2025,Jawa Timur,Kabupaten Magetan,SDN 2 Kediren,6 Siswa,
17 Oktober 2025,Jawa Timur,Kabupaten Magetan,MI Nurul Dholam,6 Siswa,
23 Oktober 2025,Jawa Timur,Kabupaten Banyuwangi,MAN 1 Banyuwangi,112 Siswa,
24 Oktober 2025,Jawa Timur,Kabupaten Banyuwangi,SMPN 3 Kalipuro,44 Siswa,
24 Oktober 2025,Jawa Timur,Kabupaten Banyuwangi,MA Nurul Khairoh,44 Siswa,
24 Oktober 2025,Jawa Timur,Kabupaten Banyuwangi,SMA NU Gombengsari,45 Siswa,
23 Oktober 2025,Jawa Timur,Kabupaten Malang,MTs Al-Khalifah,38 Siswa,
11 Februari 2026,Jawa Timur,Kabupaten Malang,MI Al Maarif 9,9 Siswa,
27 November 2025,Jawa Timur,Kabupaten Madiun,SDN Klecorejo,16 Siswa,
27 November 2025,Jawa Timur,Kabupaten Madiun,SDN 1 Darmorejo,16 Siswa,
27 November 2025,Jawa Timur,Kabupaten Madiun,SDN 2 Kebonagung,17 Siswa,
3 Desember 2025,Jawa Timur,Kabupaten Bondowoso,SDN 1 Sukorejo,19 Siswa,
3 Desember 2025,Jawa Timur,Kabupaten Bondowoso,SDN 2 Sukorejo,19 Siswa,
3 Desember 2025,Jawa Timur,Kabupaten Bondowoso,SMP (Spesifik tidak disebutkan),19 Siswa,
3 Desember 2025,Jawa Timur,Kabupaten Bondowoso,SMA (Spesifik tidak disebutkan),20 Siswa,
10 Januari 2026,Jawa Timur,Kabupaten Mojokerto,Ponpes An-Nur,260 Siswa,
10 Januari 2026,Jawa Timur,Kabupaten Mojokerto,Ponpes Al-Hidayah,260 Siswa,
10 Januari 2026,Jawa Timur,Kabupaten Mojokerto,SMPN 2 Kutorejo,260 Siswa,
15 Januari 2026,Jawa Timur,Kota Mojokerto,SDN 5 Wates,TBA (Spesifik tidak disebutkan),
15 Januari 2026,Jawa Timur,Kota Mojokerto,SDN 6 Wates,TBA (Spesifik tidak disebutkan),
15 Januari 2026,Jawa Timur,Kota Mojokerto,SMAN 2 Mojokerto,TBA (Spesifik tidak disebutkan),
2 Februari 2026,Jawa Timur,Kota Surabaya,SDN 1 Babat Jerawat,27 Siswa,
Awal Februari 2026,Jawa Timur,Kabupaten Trenggalek,SD (Spesifik tidak disebutkan),78 Siswa,
Awal Februari 2026,Jawa Timur,Kabupaten Trenggalek,SMP (Spesifik tidak disebutkan),79 Siswa,
,Bali,,,,
23 April 2025,Nusa Tenggara Barat,Kabupaten Lombok Tengah,SDN Repuk Tunjang,5 Siswa,
17 Januari 2026,Nusa Tenggara Barat,Kabupaten Lombok Tengah,SDN 1 Darmaji,19 Siswa,
17 Januari 2026,Nusa Tenggara Barat,Kabupaten Lombok Tengah,MI Hidayatuslohin,19 Siswa,
19 Agustus 2025,Nusa Tenggara Barat,Kabupaten Lombok Timur,SMK Karya Adi Husada,Belasan Siswa,
13 Oktober 2025,Nusa Tenggara Barat,Kabupaten Lombok Timur,MA Ma'arif Pondok Pesantren Baitul Rahman,51 Santri,
17 Oktober 2025,Nusa Tenggara Barat,Kabupaten Lombok Timur,SMP Islam Terpadu Lukman Hakim Pohgading,23 Siswa,
26 Januari 2026,Nusa Tenggara Barat,Kabupaten Lombok Timur,TBA (Tidak disebutkan),Puluhan siswa,
3 September 2025,Nusa Tenggara Barat,Kabupaten Lombok Barat,SDN 1 Selat,17 Siswa,
3 September 2025,Nusa Tenggara Barat,Kabupaten Lombok Barat,SDN 2 Nyur Lembang,2 Siswa,
24 September 2025,Nusa Tenggara Barat,Kabupaten Lombok Barat,MTS (Spesifik tidak disebutkan),26 Santri,
17 September 2025,Nusa Tenggara Barat,Kabupaten Sumbawa,MTSN 2 Sumbawa,94 siswa,
17 September 2025,Nusa Tenggara Barat,Kabupaten Sumbawa,SDN Lamenta,1 siswa,
17 September 2025,Nusa Tenggara Barat,Kabupaten Sumbawa,MIN 3 Sumbwa,20 siswa,
17 September 2025,Nusa Tenggara Barat,Kabupaten Sumbawa,MAN 3 Sumbawa,11 siswa,
12 Oktober 2025,Nusa Tenggara Barat,Kota Bima,SDN 11 Kota Bima,11 Siswa,
12 Oktober 2025,Nusa Tenggara Barat,Kota Bima,SDN 42 Kota Bima,12 Siswa,
31 Oktober 2025,Nusa Tenggara Barat,Kabupaten Sumbawa Barat,Pondok Pesantren Himatul Ummah,35 Siswa,
31 Oktober 2025,Nusa Tenggara Barat,Kabupaten Sumbawa Barat,SMPN 4 Brang Rea,36 Siswa,
11 Februari 2026,Nusa Tenggara Barat,Kabupaten Lombok Utara,SDN 2 Malaka,15 Siswa,
11 Februari 2026,Nusa Tenggara Barat,Kabupaten Lombok Utara,SDN 4 Malaka,15 Siswa,
18 Februari 2025,Nusa Tenggara Timur,Kabupaten Sumba Timur,SDK Andaluri,29 Siswa,
22 Juli 2025,Nusa Tenggara Timur,Kota Kupang,SMP Negeri 08 Kota Kupang,186 Siswa,
23 Juli 2025,Nusa Tenggara Timur,Kota Kupang,SD Negeri Tenau,13 Siswa,
24 September 2025,Nusa Tenggara Timur,Kota Kupang,SD Inpres Liliba,11 Siswa,
23 Juli 2025,Nusa Tenggara Timur,Kabupaten Kupang,SMA Negeri 1 Taebenu,2 Siswa,
23 Juli 2025,Nusa Tenggara Timur,Kabupaten Sumba Barat Daya,SMAN 1 Kota Tambolaka,58 Siswa,
23 Juli 2025,Nusa Tenggara Timur,Kabupaten Sumba Barat Daya,SMKN 2 Tambolaka,7 Siswa,
23 Juli 2025,Nusa Tenggara Timur,Kabupaten Sumba Barat Daya,SMK Don Bosco,10 Siswa,
10 November 2025,Nusa Tenggara Timur,Kabupaten Sumba Barat Daya,SMA Manda Elu,126 Siswa,
10 November 2025,Nusa Tenggara Timur,Kabupaten Sumba Barat Daya,SMAK Alfonsus Waitabula,126 Siswa,
3 Oktober 2025,Nusa Tenggara Timur,Kabupaten Timor Tengah Selatan,SD GMIT Soe 2,32 Siswa,
3 Oktober 2025,Nusa Tenggara Timur,Kabupaten Timor Tengah Selatan,SD Oenasi,32 Siswa,
3 Oktober 2025,Nusa Tenggara Timur,Kabupaten Timor Tengah Selatan,SD Inpres Soe,32 Siswa,
3 Oktober 2025,Nusa Tenggara Timur,Kabupaten Timor Tengah Selatan,SD Advent,32 Siswa,
3 Oktober 2025,Nusa Tenggara Timur,Kabupaten Timor Tengah Selatan,Posyandu Kota Baru,32 Siswa,
3 Oktober 2025,Nusa Tenggara Timur,Kabupaten Timor Tengah Selatan,Posyandu Bhayangkari,32 Siswa,
3 Oktober 2025,Nusa Tenggara Timur,Kabupaten Timor Tengah Selatan,Pasyandu Nonohonis,32 Siswa,
3 Oktober 2025,Nusa Tenggara Timur,Kabupaten Timor Tengah Selatan,Posyandu Maleset,32 Siswa,
3 Oktober 2025,Nusa Tenggara Timur,Kabupaten Timor Tengah Selatan,SMA Karya,32 Siswa,
3 Oktober 2025,Nusa Tenggara Timur,Kabupaten Timor Tengah Selatan,Paud Cendana,32 Siswa,
3 Oktober 2025,Nusa Tenggara Timur,Kabupaten Timor Tengah Selatan,TK Et Labora,32 Siswa,
3 Oktober 2025,Nusa Tenggara Timur,Kabupaten Timor Tengah Selatan,TK Oenasi,32 Siswa,
26 November 2025,Nusa Tenggara Timur,Kabupaten Ngada,SD Trikora,Ratusan Siswa,
26 November 2025,Nusa Tenggara Timur,Kabupaten Ngada,SD Inpres Waturutu,Ratusan Siswa,
26 November 2025,Nusa Tenggara Timur,Kabupaten Ngada,SDK Regina Pacis,Ratusan Siswa,
27 November 2025,Nusa Tenggara Timur,Kabupaten Timur Tengah Utara,PAUD Kensulat,3 Siswa,
27 November 2025,Nusa Tenggara Timur,Kabupaten Timur Tengah Utara,SDK Kefamenanu,3 Siswa,
27 November 2025,Nusa Tenggara Timur,Kabupaten Timur Tengah Utara,SDN Gua Aplasi,3 Siswa,
27 November 2025,Nusa Tenggara Timur,Kabupaten Timur Tengah Utara,SDK Peboko,3 Siswa,
29 Januari 2026,Nusa Tenggara Timur,Kabupaten Manggarai Barat,SDI Golo Welu 2,26 Siswa,
29 Januari 2026,Nusa Tenggara Timur,Kabupaten Manggarai Barat,SDI Golo Bombong,26 Siswa,
29 Januari 2026,Nusa Tenggara Timur,Kabupaten Manggarai Barat,SMPN 2 Kuwus,26 Siswa,
29 Januari 2026,Nusa Tenggara Timur,Kabupaten Manggarai Barat,SMAN 1 Kuwus,26 Siswa,
29 Januari 2026,Nusa Tenggara Timur,Kabupaten Manggarai Barat,SMKN 1 Kuwus,28 Siswa,
11 Februari 2026,Nusa Tenggara Timur,Kabupaten Manggarai,warga Kecamatan Satar Mese,131 Orang,
7 Oktober 2025,Gorontalo,Kota Gorontalo,SMK Tridarma,11 Siswa,
27 November 2025,Sulawesi Utara,Kabupaten Minahasa Utara,SMPN 2 Airmadidi,182 Siswa dan guru,
26 Januari 2026,Sulawesi Utara,Kota Tomohon,SMP Kristen 1 Woloan,49 Siswa,
26 Januari 2026,Sulawesi Utara,Kota Tomohon,SMK Negeri 1 Tomohon,49 Siswa,
26 Januari 2026,Sulawesi Utara,Kota Tomohon,SMK Sta. Familia Tomohon,49 Siswa,
26 Januari 2026,Sulawesi Utara,Kota Tomohon,SMA Karitas Tomohon,50 Siswa,
24 September 2025,Sulawesi Barat,Kabupaten Mamuju,SDN Taan Galung,12 Siswa,
24 September 2025,Sulawesi Barat,Kabupaten Mamuju,SMP Negeri 1 Tapalang,13 Siswa,
21 Oktober 2025,Sulawesi Barat,Kabupaten Mamuju,MTS Darus Qur’an Nur Hadis Nahdatul Waton Gentungan,25 Siswa dan 1 Balita,
12 Januari 2026,Sulawesi Barat,Kabupaten Majene,Desa Tubo,8 Warga,
12 Januari 2026,Sulawesi Barat,Kabupaten Majene,Tubo Tengah,8 Warga,
12 Januari 2026,Sulawesi Barat,Kabupaten Majene,Tubo Selatan,8 Warga,
12 Januari 2026,Sulawesi Barat,Kabupaten Majene,Onang Utara,8 Warga,
12 Januari 2026,Sulawesi Barat,Kabupaten Majene,Tubo Poang,8 Warga,
12 Januari 2026,Sulawesi Barat,Kabupaten Majene,Bonde-bonde,8 Warga,
12 Januari 2026,Sulawesi Barat,Kabupaten Majene,Onang,13 Warga,
14 Februari 2026,Sulawesi Barat,Kabupaten Polewali Mandar,SDN 10 Paku,21 Orang,
27 Agustus 2025,Sulawesi Tengah,Kota Palu,MTs Sis Al-Jufri Tatura,45 Siswa,
27 Agustus 2025,Sulawesi Tengah,Kota Palu,SMK Bina Potensi,> 100 Siswa,
16 September 2025,Sulawesi Tengah,Kota Palu,SDN Inpres Boyaoge,6 Siswa,
16 September 2025,Sulawesi Tengah,Kabupaten Parigi Moutong,SDK Toboli Barat,18 Siswa,
25 September 2025,Sulawesi Tengah,Kabupaten Parigi Moutong,SMP Negeri 2 Taopa,27 Siswa,
17 September 2025,Sulawesi Tengah,Kabupaten Banggai Kepulauan,SDN Inpres Tompudau,48 Siswa,
17 September 2025,Sulawesi Tengah,Kabupaten Banggai Kepulauan,SDN Pembina,48 Siswa,
17 September 2025,Sulawesi Tengah,Kabupaten Banggai Kepulauan,SDN saiyong,48 Siswa,
17 September 2025,Sulawesi Tengah,Kabupaten Banggai Kepulauan,MTS Alkhairat salakan,48 Siswa,
17 September 2025,Sulawesi Tengah,Kabupaten Banggai Kepulauan,SMP Negeri 1 Tinangkung,48 Siswa,
17 September 2025,Sulawesi Tengah,Kabupaten Banggai Kepulauan,SMA Negeri 1 Tinangkung,48 Siswa,
17 September 2025,Sulawesi Tengah,Kabupaten Banggai Kepulauan,SMK Negeri 1 Tinangkung,50 Siswa,
11 Oktober 2025,Sulawesi Tengah,Kabupaten Banggai,SMAN 1 Moilong,123 Siswa,
11 Desember 2025,Sulawesi Tengah,Kabupaten Tojo Una Una,SDN Tampanombo,5 Siswa,
28 Januari 2026,Sulawesi Tengah,Kabupaten Buol,TK Amanah,28 Siswa,
28 Januari 2026,Sulawesi Tengah,Kabupaten Buol,SDN 1 Bunobogu,28 Siswa,
28 Januari 2026,Sulawesi Tengah,Kabupaten Buol,SDN 3 Bunobogu,28 Siswa,
28 Januari 2026,Sulawesi Tengah,Kabupaten Buol,SDN 7 Bunobogu,28 Siswa,
28 Januari 2026,Sulawesi Tengah,Kabupaten Buol,SMPN 5 Bunobogu,29 Siswa,
26 Februari 2025,Sulawesi Selatan,Kabupaten Takalar,SD Kapunrengan,10 Siswa,
26 Februari 2025,Sulawesi Selatan,Kabupaten Takalar,SD Bonto Ba'do,1 Siswa,
26 Februari 2025,Sulawesi Selatan,Kabupaten Takalar,SD Lengkese,1 Siswa,
8 Desember 2025,Sulawesi Selatan,Kabupaten Pangkajene dan Kepulauan,SD Negeri 13 Kassiloe,24 Siswa,
8 Desember 2025,Sulawesi Selatan,Kabupaten Pangkajene dan Kepulauan,SMP 5 Labakkang,24 Siswa,
8 Desember 2025,Sulawesi Selatan,Kabupaten Pangkajene dan Kepulauan,SMA 13 Pangkep Boarding School,26 Siswa,
23 April 2025,Sulawesi Tenggara,Kabupaten Bombana,SDN 33 Kasipute,13 Siswa,
11 September 2025,Sulawesi Tenggara,Kabupaten Buton,SDN 55 Buton,Puluhan Siswa,
16 September 2025,Sulawesi Tenggara,Kota Baubau,SMAN 7 Baubau,18 Siswa,
16 September 2025,Sulawesi Tenggara,Kota Baubau,SD Hidayatullah,19 Siswa,
26 September 2025,Sulawesi Tenggara,Kabupaten Konawe,siswa SDIT,8 Siswa,
26 September 2025,Sulawesi Tenggara,Kabupaten Konawe,SMKN 1 Unaaha,8 Siswa,
16 Desember 2025,Sulawesi Tenggara,Kabupaten Buton Tengah,Warga Kec. Mawasangka Tengah,117 Orang,
Januari 2026,Sulawesi Tenggara,Kota Kendari,TBA (Tidak disebutkan),66 Anak,
22 Juli 2025,Maluku Utara,Kota Ternate,SMKN 5 Kota Ternate,17 Siswa,
6 November 2025,Maluku Utara,Kota Ternate,SDN 65 Kota Ternate,25 Siswa,
6 November 2025,Maluku Utara,Kota Ternate,SD Negeri 56 Jambula,26 Siswa,
11 September 2025,Maluku,Kabupaten Maluku Barat Daya,SMPN 1 Babar Barat,40 Siswa,
18 September 2025,Maluku,Kota Tual,SDN 19 Kota Tual,17 Siswa,
19 September 2025,Maluku,Kota Ambon,SD Inpres 35 Passo,16 Siswa,
20 Oktober 2025,Maluku,Kabupaten Seram Bagian Barat,TK Cemara,59 Siswa,
20 Oktober 2025,Maluku,Kabupaten Seram Bagian Barat,SD Inpres Talaga Ratu,59 Siswa,
20 Oktober 2025,Maluku,Kabupaten Seram Bagian Barat,MIN 2 Seram Bagian Barat,59 Siswa,
21 Oktober 2025,Maluku,Kabupaten Seram Bagian Barat,SMA Negeri 1 kairatu,59 Siswa,
1 Desember 2025,Papua Barat Daya,Kabupaten Raja Ampat,SD YPK Alfa Omega,14 Siswa,
1 Desember 2025,Papua Barat Daya,Kabupaten Raja Ampat,SDN 29 Raja Ampat,14 Siswa,
1 Desember 2025,Papua Barat Daya,Kabupaten Raja Ampat,SMP YPK Alfa Omega,14 Siswa,
1 Desember 2025,Papua Barat Daya,Kabupaten Raja Ampat,SMPN 14 Raja Ampat,14 Siswa,
1 Desember 2025,Papua Barat Daya,Kabupaten Raja Ampat,MTS Language Insan Mandiri,14 Siswa,
1 Desember 2025,Papua Barat Daya,Kabupaten Raja Ampat,SMK Bukit Zaitun,16 Siswa,
30 Juli 2025,Papua Barat,Kabupaten Manokwari,SD Negeri 45 Arowi,6 Siswa,
30 Juli 2025,Papua Barat,Kabupaten Manokwari,SMP Negeri 13 Manokwari,7 Siswa,
24 November 2025,Papua Barat,Kabupaten Manokwari,SMAN 2 Manokwari,171 Siswa,
,Papua,,,,
,Papua Tengah,,,,
,Papua Pegunungan,,,,
,Papua Selatan,,,,
TOTAL,,,,± 11.390,
